datetime,event,type,planet1,planet1_sign,planet1_degree,planet2,planet2_sign,planet2_degree,exact_angle,difference,orb
2025-09-10 00:00:00,Aspect,Opposition,Sun,Leo,"23°03'11""",Rahu,Aquarius,"23°57'08""",180,179.1008,0.8992
2025-09-10 00:00:00,Aspect,Conjunction,Sun,Leo,"23°03'11""",Ketu,Leo,"23°57'08""",0,0.8992,0.8992
2025-09-10 00:00:00,Aspect,Sextile,Uranus,Taurus,"7°14'29""",Neptune,Pisces,"6°55'07""",60,60.3226,0.3226
2025-09-10 00:00:00,Aspect,Trine,Uranus,Taurus,"7°14'29""",Pluto,Capricorn,"7°25'01""",120,119.8245,0.1755
2025-09-10 00:00:00,Aspect,Sextile,Neptune,Pisces,"6°55'07""",Pluto,Capricorn,"7°25'01""",60,59.5019,0.4981
2025-09-10 00:15:00,Aspect,Opposition,Sun,Leo,"23°03'48""",Rahu,Aquarius,"23°57'06""",180,179.1115,0.8885
2025-09-10 00:15:00,Aspect,Conjunction,Sun,Leo,"23°03'48""",Ketu,Leo,"23°57'06""",0,0.8885,0.8885
2025-09-10 00:15:00,Aspect,Sextile,Uranus,Taurus,"7°14'29""",Neptune,Pisces,"6°55'06""",60,60.3229,0.3229
2025-09-10 00:15:00,Aspect,Trine,Uranus,Taurus,"7°14'29""",Pluto,Capricorn,"7°25'00""",120,119.8246,0.1754
2025-09-10 00:15:00,Aspect,Sextile,Neptune,Pisces,"6°55'06""",Pluto,Capricorn,"7°25'00""",60,59.5017,0.4983
2025-09-10 00:30:00,Aspect,Opposition,Sun,Leo,"23°04'24""",Rahu,Aquarius,"23°57'04""",180,179.1222,0.8778
2025-09-10 00:30:00,Aspect,Conjunction,Sun,Leo,"23°04'24""",Ketu,Leo,"23°57'04""",0,0.8778,0.8778
2025-09-10 00:30:00,Aspect,Sextile,Uranus,Taurus,"7°14'29""",Neptune,Pisces,"6°55'05""",60,60.3231,0.3231
2025-09-10 00:30:00,Aspect,Trine,Uranus,Taurus,"7°14'29""",Pluto,Capricorn,"7°25'00""",120,119.8248,0.1752
2025-09-10 00:30:00,Aspect,Sextile,Neptune,Pisces,"6°55'05""",Pluto,Capricorn,"7°25'00""",60,59.5016,0.4984
2025-09-10 00:45:00,Aspect,Opposition,Sun,Leo,"23°05'01""",Rahu,Aquarius,"23°57'02""",180,179.1328,0.8672
2025-09-10 00:45:00,Aspect,Conjunction,Sun,Leo,"23°05'01""",Ketu,Leo,"23°57'02""",0,0.8672,0.8672
2025-09-10 00:45:00,Aspect,Sextile,Uranus,Taurus,"7°14'29""",Neptune,Pisces,"6°55'04""",60,60.3234,0.3234
2025-09-10 00:45:00,Aspect,Trine,Uranus,Taurus,"7°14'29""",Pluto,Capricorn,"7°24'59""",120,119.8249,0.1751
2025-09-10 00:45:00,Aspect,Sextile,Neptune,Pisces,"6°55'04""",Pluto,Capricorn,"7°24'59""",60,59.5015,0.4985
2025-09-10 01:00:00,Aspect,Opposition,Sun,Leo,"23°05'37""",Rahu,Aquarius,"23°57'00""",180,179.1435,0.8565
2025-09-10 01:00:00,Aspect,Conjunction,Sun,Leo,"23°05'37""",Ketu,Leo,"23°57'00""",0,0.8565,0.8565
2025-09-10 01:00:00,Aspect,Sextile,Uranus,Taurus,"7°14'28""",Neptune,Pisces,"6°55'03""",60,60.3236,0.3236
2025-09-10 01:00:00,Aspect,Trine,Uranus,Taurus,"7°14'28""",Pluto,Capricorn,"7°24'58""",120,119.825,0.175
2025-09-10 01:00:00,Aspect,Sextile,Neptune,Pisces,"6°55'03""",Pluto,Capricorn,"7°24'58""",60,59.5014,0.4986
2025-09-10 01:15:00,Aspect,Opposition,Sun,Leo,"23°06'13""",Rahu,Aquarius,"23°56'58""",180,179.1542,0.8458
2025-09-10 01:15:00,Aspect,Conjunction,Sun,Leo,"23°06'13""",Ketu,Leo,"23°56'58""",0,0.8458,0.8458
2025-09-10 01:15:00,Aspect,Sextile,Uranus,Taurus,"7°14'28""",Neptune,Pisces,"6°55'02""",60,60.3239,0.3239
2025-09-10 01:15:00,Aspect,Trine,Uranus,Taurus,"7°14'28""",Pluto,Capricorn,"7°24'58""",120,119.8251,0.1749
2025-09-10 01:15:00,Aspect,Sextile,Neptune,Pisces,"6°55'02""",Pluto,Capricorn,"7°24'58""",60,59.5013,0.4987
2025-09-10 01:30:00,Aspect,Opposition,Sun,Leo,"23°06'50""",Rahu,Aquarius,"23°56'56""",180,179.1648,0.8352
2025-09-10 01:30:00,Aspect,Conjunction,Sun,Leo,"23°06'50""",Ketu,Leo,"23°56'56""",0,0.8352,0.8352
2025-09-10 01:30:00,Aspect,Sextile,Uranus,Taurus,"7°14'28""",Neptune,Pisces,"6°55'01""",60,60.3241,0.3241
2025-09-10 01:30:00,Aspect,Trine,Uranus,Taurus,"7°14'28""",Pluto,Capricorn,"7°24'57""",120,119.8252,0.1748
2025-09-10 01:30:00,Aspect,Sextile,Neptune,Pisces,"6°55'01""",Pluto,Capricorn,"7°24'57""",60,59.5011,0.4989
2025-09-10 01:45:00,Aspect,Opposition,Sun,Leo,"23°07'26""",Rahu,Aquarius,"23°56'54""",180,179.1755,0.8245
2025-09-10 01:45:00,Aspect,Conjunction,Sun,Leo,"23°07'26""",Ketu,Leo,"23°56'54""",0,0.8245,0.8245
2025-09-10 01:45:00,Aspect,Sextile,Uranus,Taurus,"7°14'28""",Neptune,Pisces,"6°55'00""",60,60.3244,0.3244
2025-09-10 01:45:00,Aspect,Trine,Uranus,Taurus,"7°14'28""",Pluto,Capricorn,"7°24'57""",120,119.8254,0.1746
2025-09-10 01:45:00,Aspect,Sextile,Neptune,Pisces,"6°55'00""",Pluto,Capricorn,"7°24'57""",60,59.501,0.499
2025-09-10 02:00:00,Aspect,Opposition,Sun,Leo,"23°08'03""",Rahu,Aquarius,"23°56'52""",180,179.1862,0.8138
2025-09-10 02:00:00,Aspect,Conjunction,Sun,Leo,"23°08'03""",Ketu,Leo,"23°56'52""",0,0.8138,0.8138
2025-09-10 02:00:00,Aspect,Sextile,Uranus,Taurus,"7°14'28""",Neptune,Pisces,"6°54'59""",60,60.3246,0.3246
2025-09-10 02:00:00,Aspect,Trine,Uranus,Taurus,"7°14'28""",Pluto,Capricorn,"7°24'56""",120,119.8255,0.1745
2025-09-10 02:00:00,Aspect,Sextile,Neptune,Pisces,"6°54'59""",Pluto,Capricorn,"7°24'56""",60,59.5009,0.4991
2025-09-10 02:15:00,Aspect,Opposition,Sun,Leo,"23°08'39""",Rahu,Aquarius,"23°56'50""",180,179.1968,0.8032
2025-09-10 02:15:00,Aspect,Conjunction,Sun,Leo,"23°08'39""",Ketu,Leo,"23°56'50""",0,0.8032,0.8032
2025-09-10 02:15:00,Aspect,Sextile,Uranus,Taurus,"7°14'28""",Neptune,Pisces,"6°54'58""",60,60.3249,0.3249
2025-09-10 02:15:00,Aspect,Trine,Uranus,Taurus,"7°14'28""",Pluto,Capricorn,"7°24'56""",120,119.8256,0.1744
2025-09-10 02:15:00,Aspect,Sextile,Neptune,Pisces,"6°54'58""",Pluto,Capricorn,"7°24'56""",60,59.5008,0.4992
2025-09-10 02:30:00,Aspect,Opposition,Sun,Leo,"23°09'16""",Rahu,Aquarius,"23°56'48""",180,179.2075,0.7925
2025-09-10 02:30:00,Aspect,Conjunction,Sun,Leo,"23°09'16""",Ketu,Leo,"23°56'48""",0,0.7925,0.7925
2025-09-10 02:30:00,Aspect,Sextile,Uranus,Taurus,"7°14'28""",Neptune,Pisces,"6°54'57""",60,60.3251,0.3251
2025-09-10 02:30:00,Aspect,Trine,Uranus,Taurus,"7°14'28""",Pluto,Capricorn,"7°24'55""",120,119.8257,0.1743
2025-09-10 02:30:00,Aspect,Sextile,Neptune,Pisces,"6°54'57""",Pluto,Capricorn,"7°24'55""",60,59.5006,0.4994
2025-09-10 02:45:00,Aspect,Opposition,Sun,Leo,"23°09'52""",Rahu,Aquarius,"23°56'46""",180,179.2182,0.7818
2025-09-10 02:45:00,Aspect,Conjunction,Sun,Leo,"23°09'52""",Ketu,Leo,"23°56'46""",0,0.7818,0.7818
2025-09-10 02:45:00,Aspect,Sextile,Uranus,Taurus,"7°14'28""",Neptune,Pisces,"6°54'56""",60,60.3254,0.3254
2025-09-10 02:45:00,Aspect,Trine,Uranus,Taurus,"7°14'28""",Pluto,Capricorn,"7°24'55""",120,119.8259,0.1741
2025-09-10 02:45:00,Aspect,Sextile,Neptune,Pisces,"6°54'56""",Pluto,Capricorn,"7°24'55""",60,59.5005,0.4995
2025-09-10 03:00:00,Aspect,Opposition,Sun,Leo,"23°10'28""",Rahu,Aquarius,"23°56'44""",180,179.2289,0.7711
2025-09-10 03:00:00,Aspect,Conjunction,Sun,Leo,"23°10'28""",Ketu,Leo,"23°56'44""",0,0.7711,0.7711
2025-09-10 03:00:00,Aspect,Sextile,Uranus,Taurus,"7°14'28""",Neptune,Pisces,"6°54'55""",60,60.3256,0.3256
2025-09-10 03:00:00,Aspect,Trine,Uranus,Taurus,"7°14'28""",Pluto,Capricorn,"7°24'54""",120,119.826,0.174
2025-09-10 03:00:00,Aspect,Sextile,Neptune,Pisces,"6°54'55""",Pluto,Capricorn,"7°24'54""",60,59.5004,0.4996
2025-09-10 03:15:00,Aspect,Opposition,Sun,Leo,"23°11'05""",Rahu,Aquarius,"23°56'43""",180,179.2395,0.7605
2025-09-10 03:15:00,Aspect,Conjunction,Sun,Leo,"23°11'05""",Ketu,Leo,"23°56'43""",0,0.7605,0.7605
2025-09-10 03:15:00,Aspect,Sextile,Uranus,Taurus,"7°14'27""",Neptune,Pisces,"6°54'54""",60,60.3258,0.3258
2025-09-10 03:15:00,Aspect,Trine,Uranus,Taurus,"7°14'27""",Pluto,Capricorn,"7°24'53""",120,119.8261,0.1739
2025-09-10 03:15:00,Aspect,Sextile,Neptune,Pisces,"6°54'54""",Pluto,Capricorn,"7°24'53""",60,59.5003,0.4997
2025-09-10 03:30:00,Aspect,Opposition,Sun,Leo,"23°11'41""",Rahu,Aquarius,"23°56'41""",180,179.2502,0.7498
2025-09-10 03:30:00,Aspect,Conjunction,Sun,Leo,"23°11'41""",Ketu,Leo,"23°56'41""",0,0.7498,0.7498
2025-09-10 03:30:00,Aspect,Sextile,Uranus,Taurus,"7°14'27""",Neptune,Pisces,"6°54'53""",60,60.3261,0.3261
2025-09-10 03:30:00,Aspect,Trine,Uranus,Taurus,"7°14'27""",Pluto,Capricorn,"7°24'53""",120,119.8262,0.1738
2025-09-10 03:30:00,Aspect,Sextile,Neptune,Pisces,"6°54'53""",Pluto,Capricorn,"7°24'53""",60,59.5001,0.4999
2025-09-10 03:45:00,Aspect,Opposition,Sun,Leo,"23°12'18""",Rahu,Aquarius,"23°56'39""",180,179.2609,0.7391
2025-09-10 03:45:00,Aspect,Conjunction,Sun,Leo,"23°12'18""",Ketu,Leo,"23°56'39""",0,0.7391,0.7391
2025-09-10 03:45:00,Aspect,Sextile,Uranus,Taurus,"7°14'27""",Neptune,Pisces,"6°54'52""",60,60.3263,0.3263
2025-09-10 03:45:00,Aspect,Trine,Uranus,Taurus,"7°14'27""",Pluto,Capricorn,"7°24'52""",120,119.8264,0.1736
2025-09-10 03:45:00,Aspect,Sextile,Neptune,Pisces,"6°54'52""",Pluto,Capricorn,"7°24'52""",60,59.5,0.5
2025-09-10 04:00:00,Aspect,Opposition,Sun,Leo,"23°12'54""",Rahu,Aquarius,"23°56'37""",180,179.2715,0.7285
2025-09-10 04:00:00,Aspect,Conjunction,Sun,Leo,"23°12'54""",Ketu,Leo,"23°56'37""",0,0.7285,0.7285
2025-09-10 04:00:00,Aspect,Sextile,Uranus,Taurus,"7°14'27""",Neptune,Pisces,"6°54'51""",60,60.3266,0.3266
2025-09-10 04:00:00,Aspect,Trine,Uranus,Taurus,"7°14'27""",Pluto,Capricorn,"7°24'52""",120,119.8265,0.1735
2025-09-10 04:00:00,Aspect,Sextile,Neptune,Pisces,"6°54'51""",Pluto,Capricorn,"7°24'52""",60,59.4999,0.5001
2025-09-10 04:15:00,Aspect,Opposition,Sun,Leo,"23°13'31""",Rahu,Aquarius,"23°56'35""",180,179.2822,0.7178
2025-09-10 04:15:00,Aspect,Conjunction,Sun,Leo,"23°13'31""",Ketu,Leo,"23°56'35""",0,0.7178,0.7178
2025-09-10 04:15:00,Aspect,Sextile,Uranus,Taurus,"7°14'27""",Neptune,Pisces,"6°54'50""",60,60.3268,0.3268
2025-09-10 04:15:00,Aspect,Trine,Uranus,Taurus,"7°14'27""",Pluto,Capricorn,"7°24'51""",120,119.8266,0.1734
2025-09-10 04:15:00,Aspect,Sextile,Neptune,Pisces,"6°54'50""",Pluto,Capricorn,"7°24'51""",60,59.4998,0.5002
2025-09-10 04:30:00,Aspect,Opposition,Sun,Leo,"23°14'07""",Rahu,Aquarius,"23°56'33""",180,179.2929,0.7071
2025-09-10 04:30:00,Aspect,Conjunction,Sun,Leo,"23°14'07""",Ketu,Leo,"23°56'33""",0,0.7071,0.7071
2025-09-10 04:30:00,Aspect,Sextile,Uranus,Taurus,"7°14'27""",Neptune,Pisces,"6°54'49""",60,60.3271,0.3271
2025-09-10 04:30:00,Aspect,Trine,Uranus,Taurus,"7°14'27""",Pluto,Capricorn,"7°24'51""",120,119.8267,0.1733
2025-09-10 04:30:00,Aspect,Sextile,Neptune,Pisces,"6°54'49""",Pluto,Capricorn,"7°24'51""",60,59.4996,0.5004
2025-09-10 04:45:00,Aspect,Opposition,Sun,Leo,"23°14'43""",Rahu,Aquarius,"23°56'31""",180,179.3035,0.6965
2025-09-10 04:45:00,Aspect,Conjunction,Sun,Leo,"23°14'43""",Ketu,Leo,"23°56'31""",0,0.6965,0.6965
2025-09-10 04:45:00,Aspect,Sextile,Uranus,Taurus,"7°14'27""",Neptune,Pisces,"6°54'48""",60,60.3273,0.3273
2025-09-10 04:45:00,Aspect,Trine,Uranus,Taurus,"7°14'27""",Pluto,Capricorn,"7°24'50""",120,119.8268,0.1732
2025-09-10 04:45:00,Aspect,Sextile,Neptune,Pisces,"6°54'48""",Pluto,Capricorn,"7°24'50""",60,59.4995,0.5005
2025-09-10 05:00:00,Aspect,Opposition,Sun,Leo,"23°15'20""",Rahu,Aquarius,"23°56'29""",180,179.3142,0.6858
2025-09-10 05:00:00,Aspect,Conjunction,Sun,Leo,"23°15'20""",Ketu,Leo,"23°56'29""",0,0.6858,0.6858
2025-09-10 05:00:00,Aspect,Sextile,Uranus,Taurus,"7°14'27""",Neptune,Pisces,"6°54'47""",60,60.3276,0.3276
2025-09-10 05:00:00,Aspect,Trine,Uranus,Taurus,"7°14'27""",Pluto,Capricorn,"7°24'50""",120,119.827,0.173
2025-09-10 05:00:00,Aspect,Sextile,Neptune,Pisces,"6°54'47""",Pluto,Capricorn,"7°24'50""",60,59.4994,0.5006
2025-09-10 05:15:00,Aspect,Opposition,Sun,Leo,"23°15'56""",Rahu,Aquarius,"23°56'27""",180,179.3249,0.6751
2025-09-10 05:15:00,Aspect,Conjunction,Sun,Leo,"23°15'56""",Ketu,Leo,"23°56'27""",0,0.6751,0.6751
2025-09-10 05:15:00,Aspect,Sextile,Uranus,Taurus,"7°14'27""",Neptune,Pisces,"6°54'46""",60,60.3278,0.3278
2025-09-10 05:15:00,Aspect,Trine,Uranus,Taurus,"7°14'27""",Pluto,Capricorn,"7°24'49""",120,119.8271,0.1729
2025-09-10 05:15:00,Aspect,Sextile,Neptune,Pisces,"6°54'46""",Pluto,Capricorn,"7°24'49""",60,59.4993,0.5007
2025-09-10 05:30:00,Aspect,Opposition,Sun,Leo,"23°16'33""",Rahu,Aquarius,"23°56'25""",180,179.3356,0.6644
2025-09-10 05:30:00,Aspect,Conjunction,Sun,Leo,"23°16'33""",Ketu,Leo,"23°56'25""",0,0.6644,0.6644
2025-09-10 05:30:00,Aspect,Sextile,Uranus,Taurus,"7°14'26""",Neptune,Pisces,"6°54'45""",60,60.3281,0.3281
2025-09-10 05:30:00,Aspect,Trine,Uranus,Taurus,"7°14'26""",Pluto,Capricorn,"7°24'48""",120,119.8272,0.1728
2025-09-10 05:30:00,Aspect,Sextile,Neptune,Pisces,"6°54'45""",Pluto,Capricorn,"7°24'48""",60,59.4991,0.5009
2025-09-10 05:45:00,Aspect,Opposition,Sun,Leo,"23°17'09""",Rahu,Aquarius,"23°56'23""",180,179.3462,0.6538
2025-09-10 05:45:00,Aspect,Conjunction,Sun,Leo,"23°17'09""",Ketu,Leo,"23°56'23""",0,0.6538,0.6538
2025-09-10 05:45:00,Aspect,Sextile,Uranus,Taurus,"7°14'26""",Neptune,Pisces,"6°54'44""",60,60.3283,0.3283
2025-09-10 05:45:00,Aspect,Trine,Uranus,Taurus,"7°14'26""",Pluto,Capricorn,"7°24'48""",120,119.8273,0.1727
2025-09-10 05:45:00,Aspect,Sextile,Neptune,Pisces,"6°54'44""",Pluto,Capricorn,"7°24'48""",60,59.499,0.501
2025-09-10 06:00:00,Aspect,Opposition,Sun,Leo,"23°17'45""",Rahu,Aquarius,"23°56'21""",180,179.3569,0.6431
2025-09-10 06:00:00,Aspect,Conjunction,Sun,Leo,"23°17'45""",Ketu,Leo,"23°56'21""",0,0.6431,0.6431
2025-09-10 06:00:00,Aspect,Sextile,Uranus,Taurus,"7°14'26""",Neptune,Pisces,"6°54'43""",60,60.3285,0.3285
2025-09-10 06:00:00,Aspect,Trine,Uranus,Taurus,"7°14'26""",Pluto,Capricorn,"7°24'47""",120,119.8274,0.1726
2025-09-10 06:00:00,Aspect,Sextile,Neptune,Pisces,"6°54'43""",Pluto,Capricorn,"7°24'47""",60,59.4989,0.5011
2025-09-10 06:15:00,Aspect,Opposition,Sun,Leo,"23°18'22""",Rahu,Aquarius,"23°56'19""",180,179.3676,0.6324
2025-09-10 06:15:00,Aspect,Conjunction,Sun,Leo,"23°18'22""",Ketu,Leo,"23°56'19""",0,0.6324,0.6324
2025-09-10 06:15:00,Aspect,Sextile,Uranus,Taurus,"7°14'26""",Neptune,Pisces,"6°54'42""",60,60.3288,0.3288
2025-09-10 06:15:00,Aspect,Trine,Uranus,Taurus,"7°14'26""",Pluto,Capricorn,"7°24'47""",120,119.8276,0.1724
2025-09-10 06:15:00,Aspect,Sextile,Neptune,Pisces,"6°54'42""",Pluto,Capricorn,"7°24'47""",60,59.4988,0.5012
2025-09-10 06:30:00,Aspect,Opposition,Sun,Leo,"23°18'58""",Rahu,Aquarius,"23°56'17""",180,179.3782,0.6218
2025-09-10 06:30:00,Aspect,Conjunction,Sun,Leo,"23°18'58""",Ketu,Leo,"23°56'17""",0,0.6218,0.6218
2025-09-10 06:30:00,Aspect,Trine,Moon,Pisces,"23°16'20""",Venus,Cancer,"24°10'10""",120,120.8973,0.8973
2025-09-10 06:30:00,Aspect,Sextile,Uranus,Taurus,"7°14'26""",Neptune,Pisces,"6°54'41""",60,60.329,0.329
2025-09-10 06:30:00,Aspect,Trine,Uranus,Taurus,"7°14'26""",Pluto,Capricorn,"7°24'46""",120,119.8277,0.1723
2025-09-10 06:30:00,Aspect,Sextile,Neptune,Pisces,"6°54'41""",Pluto,Capricorn,"7°24'46""",60,59.4986,0.5014
2025-09-10 06:45:00,Aspect,Opposition,Sun,Leo,"23°19'35""",Rahu,Aquarius,"23°56'15""",180,179.3889,0.6111
2025-09-10 06:45:00,Aspect,Conjunction,Sun,Leo,"23°19'35""",Ketu,Leo,"23°56'15""",0,0.6111,0.6111
2025-09-10 06:45:00,Aspect,Trine,Moon,Pisces,"23°25'27""",Venus,Cancer,"24°10'55""",120,120.7579,0.7579
2025-09-10 06:45:00,Aspect,Sextile,Uranus,Taurus,"7°14'26""",Neptune,Pisces,"6°54'40""",60,60.3293,0.3293
2025-09-10 06:45:00,Aspect,Trine,Uranus,Taurus,"7°14'26""",Pluto,Capricorn,"7°24'46""",120,119.8278,0.1722
2025-09-10 06:45:00,Aspect,Sextile,Neptune,Pisces,"6°54'40""",Pluto,Capricorn,"7°24'46""",60,59.4985,0.5015
2025-09-10 07:00:00,Aspect,Opposition,Sun,Leo,"23°20'11""",Rahu,Aquarius,"23°56'13""",180,179.3996,0.6004
2025-09-10 07:00:00,Aspect,Conjunction,Sun,Leo,"23°20'11""",Ketu,Leo,"23°56'13""",0,0.6004,0.6004
2025-09-10 07:00:00,Aspect,Trine,Moon,Pisces,"23°34'34""",Venus,Cancer,"24°11'41""",120,120.6185,0.6185
2025-09-10 07:00:00,Aspect,Sextile,Uranus,Taurus,"7°14'26""",Neptune,Pisces,"6°54'39""",60,60.3295,0.3295
2025-09-10 07:00:00,Aspect,Trine,Uranus,Taurus,"7°14'26""",Pluto,Capricorn,"7°24'45""",120,119.8279,0.1721
2025-09-10 07:00:00,Aspect,Sextile,Neptune,Pisces,"6°54'39""",Pluto,Capricorn,"7°24'45""",60,59.4984,0.5016
2025-09-10 07:15:00,Aspect,Opposition,Sun,Leo,"23°20'48""",Rahu,Aquarius,"23°56'11""",180,179.4103,0.5897
2025-09-10 07:15:00,Aspect,Conjunction,Sun,Leo,"23°20'48""",Ketu,Leo,"23°56'11""",0,0.5897,0.5897
2025-09-10 07:15:00,Aspect,Trine,Moon,Pisces,"23°43'42""",Venus,Cancer,"24°12'26""",120,120.4791,0.4791
2025-09-10 07:15:00,Aspect,Sextile,Uranus,Taurus,"7°14'26""",Neptune,Pisces,"6°54'38""",60,60.3298,0.3298
2025-09-10 07:15:00,Aspect,Trine,Uranus,Taurus,"7°14'26""",Pluto,Capricorn,"7°24'45""",120,119.828,0.172
2025-09-10 07:15:00,Aspect,Sextile,Neptune,Pisces,"6°54'38""",Pluto,Capricorn,"7°24'45""",60,59.4983,0.5017
2025-09-10 07:30:00,Aspect,Opposition,Sun,Leo,"23°21'24""",Rahu,Aquarius,"23°56'09""",180,179.4209,0.5791
2025-09-10 07:30:00,Aspect,Conjunction,Sun,Leo,"23°21'24""",Ketu,Leo,"23°56'09""",0,0.5791,0.5791
2025-09-10 07:30:00,Aspect,Trine,Moon,Pisces,"23°52'49""",Venus,Cancer,"24°13'12""",120,120.3396,0.3396
2025-09-10 07:30:00,Aspect,Sextile,Uranus,Taurus,"7°14'25""",Neptune,Pisces,"6°54'37""",60,60.33,0.33
2025-09-10 07:30:00,Aspect,Trine,Uranus,Taurus,"7°14'25""",Pluto,Capricorn,"7°24'44""",120,119.8282,0.1718
2025-09-10 07:30:00,Aspect,Sextile,Neptune,Pisces,"6°54'37""",Pluto,Capricorn,"7°24'44""",60,59.4981,0.5019
2025-09-10 07:45:00,Aspect,Opposition,Sun,Leo,"23°22'00""",Rahu,Aquarius,"23°56'07""",180,179.4316,0.5684
2025-09-10 07:45:00,Aspect,Conjunction,Sun,Leo,"23°22'00""",Ketu,Leo,"23°56'07""",0,0.5684,0.5684
2025-09-10 07:45:00,Aspect,Trine,Moon,Pisces,"24°01'56""",Venus,Cancer,"24°13'57""",120,120.2002,0.2002
2025-09-10 07:45:00,Aspect,Sextile,Uranus,Taurus,"7°14'25""",Neptune,Pisces,"6°54'36""",60,60.3303,0.3303
2025-09-10 07:45:00,Aspect,Trine,Uranus,Taurus,"7°14'25""",Pluto,Capricorn,"7°24'44""",120,119.8283,0.1717
2025-09-10 07:45:00,Aspect,Sextile,Neptune,Pisces,"6°54'36""",Pluto,Capricorn,"7°24'44""",60,59.498,0.502
2025-09-10 08:00:00,Aspect,Opposition,Sun,Leo,"23°22'37""",Rahu,Aquarius,"23°56'05""",180,179.4423,0.5577
2025-09-10 08:00:00,Aspect,Conjunction,Sun,Leo,"23°22'37""",Ketu,Leo,"23°56'05""",0,0.5577,0.5577
2025-09-10 08:00:00,Aspect,Trine,Moon,Pisces,"24°11'04""",Venus,Cancer,"24°14'42""",120,120.0608,0.0608
2025-09-10 08:00:00,Aspect,Sextile,Uranus,Taurus,"7°14'25""",Neptune,Pisces,"6°54'35""",60,60.3305,0.3305
2025-09-10 08:00:00,Aspect,Trine,Uranus,Taurus,"7°14'25""",Pluto,Capricorn,"7°24'43""",120,119.8284,0.1716
2025-09-10 08:00:00,Aspect,Sextile,Neptune,Pisces,"6°54'35""",Pluto,Capricorn,"7°24'43""",60,59.4979,0.5021
2025-09-10 08:15:00,Aspect,Opposition,Sun,Leo,"23°23'13""",Rahu,Aquarius,"23°56'03""",180,179.4529,0.5471
2025-09-10 08:15:00,Aspect,Conjunction,Sun,Leo,"23°23'13""",Ketu,Leo,"23°56'03""",0,0.5471,0.5471
2025-09-10 08:15:00,Aspect,Trine,Moon,Pisces,"24°20'11""",Venus,Cancer,"24°15'28""",120,119.9213,0.0787
2025-09-10 08:15:00,Aspect,Square,Moon,Pisces,"24°20'11""",Jupiter,Gemini,"25°12'58""",90,90.8796,0.8796
2025-09-10 08:15:00,Aspect,Sextile,Uranus,Taurus,"7°14'25""",Neptune,Pisces,"6°54'34""",60,60.3308,0.3308
2025-09-10 08:15:00,Aspect,Trine,Uranus,Taurus,"7°14'25""",Pluto,Capricorn,"7°24'42""",120,119.8285,0.1715
2025-09-10 08:15:00,Aspect,Sextile,Neptune,Pisces,"6°54'34""",Pluto,Capricorn,"7°24'42""",60,59.4978,0.5022
2025-09-10 08:30:00,Aspect,Opposition,Sun,Leo,"23°23'50""",Rahu,Aquarius,"23°56'01""",180,179.4636,0.5364
2025-09-10 08:30:00,Aspect,Conjunction,Sun,Leo,"23°23'50""",Ketu,Leo,"23°56'01""",0,0.5364,0.5364
2025-09-10 08:30:00,Aspect,Trine,Moon,Pisces,"24°29'18""",Venus,Cancer,"24°16'13""",120,119.7819,0.2181
2025-09-10 08:30:00,Aspect,Square,Moon,Pisces,"24°29'18""",Jupiter,Gemini,"25°13'04""",90,90.7293,0.7293
2025-09-10 08:30:00,Aspect,Sextile,Uranus,Taurus,"7°14'25""",Neptune,Pisces,"6°54'33""",60,60.331,0.331
2025-09-10 08:30:00,Aspect,Trine,Uranus,Taurus,"7°14'25""",Pluto,Capricorn,"7°24'42""",120,119.8286,0.1714
2025-09-10 08:30:00,Aspect,Sextile,Neptune,Pisces,"6°54'33""",Pluto,Capricorn,"7°24'42""",60,59.4976,0.5024
2025-09-10 08:45:00,Aspect,Opposition,Sun,Leo,"23°24'26""",Rahu,Aquarius,"23°55'59""",180,179.4743,0.5257
2025-09-10 08:45:00,Aspect,Conjunction,Sun,Leo,"23°24'26""",Ketu,Leo,"23°55'59""",0,0.5257,0.5257
2025-09-10 08:45:00,Aspect,Trine,Moon,Pisces,"24°38'26""",Venus,Cancer,"24°16'59""",120,119.6424,0.3576
2025-09-10 08:45:00,Aspect,Square,Moon,Pisces,"24°38'26""",Jupiter,Gemini,"25°13'10""",90,90.5789,0.5789
2025-09-10 08:45:00,Aspect,Sextile,Uranus,Taurus,"7°14'25""",Neptune,Pisces,"6°54'32""",60,60.3312,0.3312
2025-09-10 08:45:00,Aspect,Trine,Uranus,Taurus,"7°14'25""",Pluto,Capricorn,"7°24'41""",120,119.8288,0.1712
2025-09-10 08:45:00,Aspect,Sextile,Neptune,Pisces,"6°54'32""",Pluto,Capricorn,"7°24'41""",60,59.4975,0.5025
2025-09-10 09:00:00,Aspect,Opposition,Sun,Leo,"23°25'03""",Rahu,Aquarius,"23°55'57""",180,179.485,0.515
2025-09-10 09:00:00,Aspect,Conjunction,Sun,Leo,"23°25'03""",Ketu,Leo,"23°55'57""",0,0.515,0.515
2025-09-10 09:00:00,Aspect,Trine,Moon,Pisces,"24°47'33""",Venus,Cancer,"24°17'44""",120,119.503,0.497
2025-09-10 09:00:00,Aspect,Square,Moon,Pisces,"24°47'33""",Jupiter,Gemini,"25°13'16""",90,90.4286,0.4286
2025-09-10 09:00:00,Aspect,Sextile,Uranus,Taurus,"7°14'25""",Neptune,Pisces,"6°54'31""",60,60.3315,0.3315
2025-09-10 09:00:00,Aspect,Trine,Uranus,Taurus,"7°14'25""",Pluto,Capricorn,"7°24'41""",120,119.8289,0.1711
2025-09-10 09:00:00,Aspect,Sextile,Neptune,Pisces,"6°54'31""",Pluto,Capricorn,"7°24'41""",60,59.4974,0.5026
2025-09-10 09:15:00,Aspect,Opposition,Sun,Leo,"23°25'39""",Rahu,Aquarius,"23°55'55""",180,179.4956,0.5044
2025-09-10 09:15:00,Aspect,Conjunction,Sun,Leo,"23°25'39""",Ketu,Leo,"23°55'55""",0,0.5044,0.5044
2025-09-10 09:15:00,Aspect,Trine,Moon,Pisces,"24°56'41""",Venus,Cancer,"24°18'29""",120,119.3635,0.6365
2025-09-10 09:15:00,Aspect,Square,Moon,Pisces,"24°56'41""",Jupiter,Gemini,"25°13'22""",90,90.2782,0.2782
2025-09-10 09:15:00,Aspect,Sextile,Uranus,Taurus,"7°14'25""",Neptune,Pisces,"6°54'30""",60,60.3317,0.3317
2025-09-10 09:15:00,Aspect,Trine,Uranus,Taurus,"7°14'25""",Pluto,Capricorn,"7°24'40""",120,119.829,0.171
2025-09-10 09:15:00,Aspect,Sextile,Neptune,Pisces,"6°54'30""",Pluto,Capricorn,"7°24'40""",60,59.4973,0.5027
2025-09-10 09:30:00,Aspect,Opposition,Sun,Leo,"23°26'15""",Rahu,Aquarius,"23°55'53""",180,179.5063,0.4937
2025-09-10 09:30:00,Aspect,Conjunction,Sun,Leo,"23°26'15""",Ketu,Leo,"23°55'53""",0,0.4937,0.4937
2025-09-10 09:30:00,Aspect,Trine,Moon,Pisces,"25°05'48""",Venus,Cancer,"24°19'15""",120,119.224,0.776
2025-09-10 09:30:00,Aspect,Square,Moon,Pisces,"25°05'48""",Jupiter,Gemini,"25°13'29""",90,90.1279,0.1279
2025-09-10 09:30:00,Aspect,Sextile,Uranus,Taurus,"7°14'24""",Neptune,Pisces,"6°54'29""",60,60.332,0.332
2025-09-10 09:30:00,Aspect,Trine,Uranus,Taurus,"7°14'24""",Pluto,Capricorn,"7°24'40""",120,119.8291,0.1709
2025-09-10 09:30:00,Aspect,Sextile,Neptune,Pisces,"6°54'29""",Pluto,Capricorn,"7°24'40""",60,59.4971,0.5029
2025-09-10 09:45:00,Aspect,Opposition,Sun,Leo,"23°26'52""",Rahu,Aquarius,"23°55'51""",180,179.517,0.483
2025-09-10 09:45:00,Aspect,Conjunction,Sun,Leo,"23°26'52""",Ketu,Leo,"23°55'51""",0,0.483,0.483
2025-09-10 09:45:00,Aspect,Trine,Moon,Pisces,"25°14'56""",Venus,Cancer,"24°20'00""",120,119.0846,0.9154
2025-09-10 09:45:00,Aspect,Square,Moon,Pisces,"25°14'56""",Jupiter,Gemini,"25°13'35""",90,89.9775,0.0225
2025-09-10 09:45:00,Aspect,Sextile,Uranus,Taurus,"7°14'24""",Neptune,Pisces,"6°54'28""",60,60.3322,0.3322
2025-09-10 09:45:00,Aspect,Trine,Uranus,Taurus,"7°14'24""",Pluto,Capricorn,"7°24'39""",120,119.8292,0.1708
2025-09-10 09:45:00,Aspect,Sextile,Neptune,Pisces,"6°54'28""",Pluto,Capricorn,"7°24'39""",60,59.497,0.503
2025-09-10 10:00:00,Aspect,Opposition,Sun,Leo,"23°27'28""",Rahu,Aquarius,"23°55'49""",180,179.5276,0.4724
2025-09-10 10:00:00,Aspect,Conjunction,Sun,Leo,"23°27'28""",Ketu,Leo,"23°55'49""",0,0.4724,0.4724
2025-09-10 10:00:00,Aspect,Square,Moon,Pisces,"25°24'03""",Jupiter,Gemini,"25°13'41""",90,89.8271,0.1729
2025-09-10 10:00:00,Aspect,Sextile,Uranus,Taurus,"7°14'24""",Neptune,Pisces,"6°54'27""",60,60.3325,0.3325
2025-09-10 10:00:00,Aspect,Trine,Uranus,Taurus,"7°14'24""",Pluto,Capricorn,"7°24'39""",120,119.8294,0.1706
2025-09-10 10:00:00,Aspect,Sextile,Neptune,Pisces,"6°54'27""",Pluto,Capricorn,"7°24'39""",60,59.4969,0.5031
2025-09-10 10:15:00,Aspect,Opposition,Sun,Leo,"23°28'05""",Rahu,Aquarius,"23°55'47""",180,179.5383,0.4617
2025-09-10 10:15:00,Aspect,Conjunction,Sun,Leo,"23°28'05""",Ketu,Leo,"23°55'47""",0,0.4617,0.4617
2025-09-10 10:15:00,Aspect,Square,Moon,Pisces,"25°33'11""",Jupiter,Gemini,"25°13'47""",90,89.6767,0.3233
2025-09-10 10:15:00,Aspect,Sextile,Uranus,Taurus,"7°14'24""",Neptune,Pisces,"6°54'26""",60,60.3327,0.3327
2025-09-10 10:15:00,Aspect,Trine,Uranus,Taurus,"7°14'24""",Pluto,Capricorn,"7°24'38""",120,119.8295,0.1705
2025-09-10 10:15:00,Aspect,Sextile,Neptune,Pisces,"6°54'26""",Pluto,Capricorn,"7°24'38""",60,59.4968,0.5032
2025-09-10 10:30:00,Aspect,Opposition,Sun,Leo,"23°28'41""",Rahu,Aquarius,"23°55'45""",180,179.549,0.451
2025-09-10 10:30:00,Aspect,Conjunction,Sun,Leo,"23°28'41""",Ketu,Leo,"23°55'45""",0,0.451,0.451
2025-09-10 10:30:00,Aspect,Square,Moon,Pisces,"25°42'18""",Jupiter,Gemini,"25°13'53""",90,89.5263,0.4737
2025-09-10 10:30:00,Aspect,Sextile,Uranus,Taurus,"7°14'24""",Neptune,Pisces,"6°54'25""",60,60.333,0.333
2025-09-10 10:30:00,Aspect,Trine,Uranus,Taurus,"7°14'24""",Pluto,Capricorn,"7°24'37""",120,119.8296,0.1704
2025-09-10 10:30:00,Aspect,Sextile,Neptune,Pisces,"6°54'25""",Pluto,Capricorn,"7°24'37""",60,59.4966,0.5034
2025-09-10 10:45:00,Aspect,Opposition,Sun,Leo,"23°29'18""",Rahu,Aquarius,"23°55'43""",180,179.5597,0.4403
2025-09-10 10:45:00,Aspect,Conjunction,Sun,Leo,"23°29'18""",Ketu,Leo,"23°55'43""",0,0.4403,0.4403
2025-09-10 10:45:00,Aspect,Square,Moon,Pisces,"25°51'26""",Jupiter,Gemini,"25°14'00""",90,89.376,0.624
2025-09-10 10:45:00,Aspect,Sextile,Uranus,Taurus,"7°14'24""",Neptune,Pisces,"6°54'24""",60,60.3332,0.3332
2025-09-10 10:45:00,Aspect,Trine,Uranus,Taurus,"7°14'24""",Pluto,Capricorn,"7°24'37""",120,119.8297,0.1703
2025-09-10 10:45:00,Aspect,Sextile,Neptune,Pisces,"6°54'24""",Pluto,Capricorn,"7°24'37""",60,59.4965,0.5035
2025-09-10 11:00:00,Aspect,Opposition,Sun,Leo,"23°29'54""",Rahu,Aquarius,"23°55'41""",180,179.5703,0.4297
2025-09-10 11:00:00,Aspect,Conjunction,Sun,Leo,"23°29'54""",Ketu,Leo,"23°55'41""",0,0.4297,0.4297
2025-09-10 11:00:00,Aspect,Square,Moon,Pisces,"26°00'34""",Jupiter,Gemini,"25°14'06""",90,89.2256,0.7744
2025-09-10 11:00:00,Aspect,Sextile,Uranus,Taurus,"7°14'24""",Neptune,Pisces,"6°54'23""",60,60.3334,0.3334
2025-09-10 11:00:00,Aspect,Trine,Uranus,Taurus,"7°14'24""",Pluto,Capricorn,"7°24'36""",120,119.8298,0.1702
2025-09-10 11:00:00,Aspect,Sextile,Neptune,Pisces,"6°54'23""",Pluto,Capricorn,"7°24'36""",60,59.4964,0.5036
2025-09-10 11:15:00,Aspect,Opposition,Sun,Leo,"23°30'31""",Rahu,Aquarius,"23°55'39""",180,179.581,0.419
2025-09-10 11:15:00,Aspect,Conjunction,Sun,Leo,"23°30'31""",Ketu,Leo,"23°55'39""",0,0.419,0.419
2025-09-10 11:15:00,Aspect,Square,Moon,Pisces,"26°09'41""",Jupiter,Gemini,"25°14'12""",90,89.0752,0.9248
2025-09-10 11:15:00,Aspect,Sextile,Uranus,Taurus,"7°14'24""",Neptune,Pisces,"6°54'22""",60,60.3337,0.3337
2025-09-10 11:15:00,Aspect,Trine,Uranus,Taurus,"7°14'24""",Pluto,Capricorn,"7°24'36""",120,119.8299,0.1701
2025-09-10 11:15:00,Aspect,Sextile,Neptune,Pisces,"6°54'22""",Pluto,Capricorn,"7°24'36""",60,59.4963,0.5037
2025-09-10 11:30:00,Aspect,Opposition,Sun,Leo,"23°31'07""",Rahu,Aquarius,"23°55'37""",180,179.5917,0.4083
2025-09-10 11:30:00,Aspect,Conjunction,Sun,Leo,"23°31'07""",Ketu,Leo,"23°55'37""",0,0.4083,0.4083
2025-09-10 11:30:00,Aspect,Sextile,Uranus,Taurus,"7°14'23""",Neptune,Pisces,"6°54'21""",60,60.3339,0.3339
2025-09-10 11:30:00,Aspect,Trine,Uranus,Taurus,"7°14'23""",Pluto,Capricorn,"7°24'35""",120,119.8301,0.1699
2025-09-10 11:30:00,Aspect,Sextile,Neptune,Pisces,"6°54'21""",Pluto,Capricorn,"7°24'35""",60,59.4961,0.5039
2025-09-10 11:45:00,Aspect,Opposition,Sun,Leo,"23°31'43""",Rahu,Aquarius,"23°55'35""",180,179.6023,0.3977
2025-09-10 11:45:00,Aspect,Conjunction,Sun,Leo,"23°31'43""",Ketu,Leo,"23°55'35""",0,0.3977,0.3977
2025-09-10 11:45:00,Aspect,Sextile,Uranus,Taurus,"7°14'23""",Neptune,Pisces,"6°54'20""",60,60.3342,0.3342
2025-09-10 11:45:00,Aspect,Trine,Uranus,Taurus,"7°14'23""",Pluto,Capricorn,"7°24'35""",120,119.8302,0.1698
2025-09-10 11:45:00,Aspect,Sextile,Neptune,Pisces,"6°54'20""",Pluto,Capricorn,"7°24'35""",60,59.496,0.504
2025-09-10 12:00:00,Aspect,Opposition,Sun,Leo,"23°32'20""",Rahu,Aquarius,"23°55'33""",180,179.613,0.387
2025-09-10 12:00:00,Aspect,Conjunction,Sun,Leo,"23°32'20""",Ketu,Leo,"23°55'33""",0,0.387,0.387
2025-09-10 12:00:00,Aspect,Sextile,Uranus,Taurus,"7°14'23""",Neptune,Pisces,"6°54'19""",60,60.3344,0.3344
2025-09-10 12:00:00,Aspect,Trine,Uranus,Taurus,"7°14'23""",Pluto,Capricorn,"7°24'34""",120,119.8303,0.1697
2025-09-10 12:00:00,Aspect,Sextile,Neptune,Pisces,"6°54'19""",Pluto,Capricorn,"7°24'34""",60,59.4959,0.5041
2025-09-10 12:15:00,Aspect,Opposition,Sun,Leo,"23°32'56""",Rahu,Aquarius,"23°55'31""",180,179.6237,0.3763
2025-09-10 12:15:00,Aspect,Conjunction,Sun,Leo,"23°32'56""",Ketu,Leo,"23°55'31""",0,0.3763,0.3763
2025-09-10 12:15:00,Aspect,Opposition,Moon,Pisces,"26°46'12""",Mars,Virgo,"27°43'31""",180,179.0446,0.9554
2025-09-10 12:15:00,Aspect,Sextile,Uranus,Taurus,"7°14'23""",Neptune,Pisces,"6°54'18""",60,60.3347,0.3347
2025-09-10 12:15:00,Aspect,Trine,Uranus,Taurus,"7°14'23""",Pluto,Capricorn,"7°24'34""",120,119.8304,0.1696
2025-09-10 12:15:00,Aspect,Sextile,Neptune,Pisces,"6°54'18""",Pluto,Capricorn,"7°24'34""",60,59.4958,0.5042
2025-09-10 12:30:00,Aspect,Opposition,Sun,Leo,"23°33'33""",Rahu,Aquarius,"23°55'29""",180,179.6344,0.3656
2025-09-10 12:30:00,Aspect,Conjunction,Sun,Leo,"23°33'33""",Ketu,Leo,"23°55'29""",0,0.3656,0.3656
2025-09-10 12:30:00,Aspect,Opposition,Moon,Pisces,"26°55'20""",Mars,Virgo,"27°43'56""",180,179.1899,0.8101
2025-09-10 12:30:00,Aspect,Sextile,Uranus,Taurus,"7°14'23""",Neptune,Pisces,"6°54'17""",60,60.3349,0.3349
2025-09-10 12:30:00,Aspect,Trine,Uranus,Taurus,"7°14'23""",Pluto,Capricorn,"7°24'33""",120,119.8305,0.1695
2025-09-10 12:30:00,Aspect,Sextile,Neptune,Pisces,"6°54'17""",Pluto,Capricorn,"7°24'33""",60,59.4956,0.5044
2025-09-10 12:45:00,Aspect,Opposition,Sun,Leo,"23°34'09""",Rahu,Aquarius,"23°55'27""",180,179.645,0.355
2025-09-10 12:45:00,Aspect,Conjunction,Sun,Leo,"23°34'09""",Ketu,Leo,"23°55'27""",0,0.355,0.355
2025-09-10 12:45:00,Aspect,Opposition,Moon,Pisces,"27°04'27""",Mars,Virgo,"27°44'21""",180,179.3352,0.6648
2025-09-10 12:45:00,Aspect,Sextile,Uranus,Taurus,"7°14'23""",Neptune,Pisces,"6°54'16""",60,60.3351,0.3351
2025-09-10 12:45:00,Aspect,Trine,Uranus,Taurus,"7°14'23""",Pluto,Capricorn,"7°24'32""",120,119.8306,0.1694
2025-09-10 12:45:00,Aspect,Sextile,Neptune,Pisces,"6°54'16""",Pluto,Capricorn,"7°24'32""",60,59.4955,0.5045
2025-09-10 13:00:00,Aspect,Opposition,Sun,Leo,"23°34'46""",Rahu,Aquarius,"23°55'25""",180,179.6557,0.3443
2025-09-10 13:00:00,Aspect,Conjunction,Sun,Leo,"23°34'46""",Ketu,Leo,"23°55'25""",0,0.3443,0.3443
2025-09-10 13:00:00,Aspect,Opposition,Moon,Pisces,"27°13'35""",Mars,Virgo,"27°44'45""",180,179.4805,0.5195
2025-09-10 13:00:00,Aspect,Sextile,Uranus,Taurus,"7°14'23""",Neptune,Pisces,"6°54'15""",60,60.3354,0.3354
2025-09-10 13:00:00,Aspect,Trine,Uranus,Taurus,"7°14'23""",Pluto,Capricorn,"7°24'32""",120,119.8308,0.1692
2025-09-10 13:00:00,Aspect,Sextile,Neptune,Pisces,"6°54'15""",Pluto,Capricorn,"7°24'32""",60,59.4954,0.5046
2025-09-10 13:15:00,Aspect,Opposition,Sun,Leo,"23°35'22""",Rahu,Aquarius,"23°55'23""",180,179.6664,0.3336
2025-09-10 13:15:00,Aspect,Conjunction,Sun,Leo,"23°35'22""",Ketu,Leo,"23°55'23""",0,0.3336,0.3336
2025-09-10 13:15:00,Aspect,Opposition,Moon,Pisces,"27°22'43""",Mars,Virgo,"27°45'10""",180,179.6258,0.3742
2025-09-10 13:15:00,Aspect,Sextile,Uranus,Taurus,"7°14'23""",Neptune,Pisces,"6°54'14""",60,60.3356,0.3356
2025-09-10 13:15:00,Aspect,Trine,Uranus,Taurus,"7°14'23""",Pluto,Capricorn,"7°24'31""",120,119.8309,0.1691
2025-09-10 13:15:00,Aspect,Sextile,Neptune,Pisces,"6°54'14""",Pluto,Capricorn,"7°24'31""",60,59.4953,0.5047
2025-09-10 13:30:00,Aspect,Opposition,Sun,Leo,"23°35'58""",Rahu,Aquarius,"23°55'21""",180,179.677,0.323
2025-09-10 13:30:00,Aspect,Conjunction,Sun,Leo,"23°35'58""",Ketu,Leo,"23°55'21""",0,0.323,0.323
2025-09-10 13:30:00,Aspect,Opposition,Moon,Pisces,"27°31'51""",Mars,Virgo,"27°45'35""",180,179.7711,0.2289
2025-09-10 13:30:00,Aspect,Sextile,Uranus,Taurus,"7°14'22""",Neptune,Pisces,"6°54'13""",60,60.3359,0.3359
2025-09-10 13:30:00,Aspect,Trine,Uranus,Taurus,"7°14'22""",Pluto,Capricorn,"7°24'31""",120,119.831,0.169
2025-09-10 13:30:00,Aspect,Sextile,Neptune,Pisces,"6°54'13""",Pluto,Capricorn,"7°24'31""",60,59.4951,0.5049
2025-09-10 13:45:00,Aspect,Opposition,Sun,Leo,"23°36'35""",Rahu,Aquarius,"23°55'19""",180,179.6877,0.3123
2025-09-10 13:45:00,Aspect,Conjunction,Sun,Leo,"23°36'35""",Ketu,Leo,"23°55'19""",0,0.3123,0.3123
2025-09-10 13:45:00,Aspect,Opposition,Moon,Pisces,"27°40'58""",Mars,Virgo,"27°45'59""",180,179.9163,0.0837
2025-09-10 13:45:00,Aspect,Sextile,Uranus,Taurus,"7°14'22""",Neptune,Pisces,"6°54'12""",60,60.3361,0.3361
2025-09-10 13:45:00,Aspect,Trine,Uranus,Taurus,"7°14'22""",Pluto,Capricorn,"7°24'30""",120,119.8311,0.1689
2025-09-10 13:45:00,Aspect,Sextile,Neptune,Pisces,"6°54'12""",Pluto,Capricorn,"7°24'30""",60,59.495,0.505
2025-09-10 14:00:00,Aspect,Opposition,Sun,Leo,"23°37'11""",Rahu,Aquarius,"23°55'17""",180,179.6984,0.3016
2025-09-10 14:00:00,Aspect,Conjunction,Sun,Leo,"23°37'11""",Ketu,Leo,"23°55'17""",0,0.3016,0.3016
2025-09-10 14:00:00,Aspect,Opposition,Moon,Pisces,"27°50'06""",Mars,Virgo,"27°46'24""",180,179.9384,0.0616
2025-09-10 14:00:00,Aspect,Sextile,Uranus,Taurus,"7°14'22""",Neptune,Pisces,"6°54'11""",60,60.3364,0.3364
2025-09-10 14:00:00,Aspect,Trine,Uranus,Taurus,"7°14'22""",Pluto,Capricorn,"7°24'30""",120,119.8312,0.1688
2025-09-10 14:00:00,Aspect,Sextile,Neptune,Pisces,"6°54'11""",Pluto,Capricorn,"7°24'30""",60,59.4949,0.5051
2025-09-10 14:15:00,Aspect,Opposition,Sun,Leo,"23°37'48""",Rahu,Aquarius,"23°55'15""",180,179.7091,0.2909
2025-09-10 14:15:00,Aspect,Conjunction,Sun,Leo,"23°37'48""",Ketu,Leo,"23°55'15""",0,0.2909,0.2909
2025-09-10 14:15:00,Aspect,Opposition,Moon,Pisces,"27°59'14""",Mars,Virgo,"27°46'49""",180,179.7931,0.2069
2025-09-10 14:15:00,Aspect,Sextile,Uranus,Taurus,"7°14'22""",Neptune,Pisces,"6°54'10""",60,60.3366,0.3366
2025-09-10 14:15:00,Aspect,Trine,Uranus,Taurus,"7°14'22""",Pluto,Capricorn,"7°24'29""",120,119.8313,0.1687
2025-09-10 14:15:00,Aspect,Sextile,Neptune,Pisces,"6°54'10""",Pluto,Capricorn,"7°24'29""",60,59.4947,0.5053
2025-09-10 14:30:00,Aspect,Opposition,Sun,Leo,"23°38'24""",Rahu,Aquarius,"23°55'13""",180,179.7197,0.2803
2025-09-10 14:30:00,Aspect,Conjunction,Sun,Leo,"23°38'24""",Ketu,Leo,"23°55'13""",0,0.2803,0.2803
2025-09-10 14:30:00,Aspect,Opposition,Moon,Pisces,"28°08'22""",Mars,Virgo,"27°47'14""",180,179.6478,0.3522
2025-09-10 14:30:00,Aspect,Sextile,Uranus,Taurus,"7°14'22""",Neptune,Pisces,"6°54'09""",60,60.3368,0.3368
2025-09-10 14:30:00,Aspect,Trine,Uranus,Taurus,"7°14'22""",Pluto,Capricorn,"7°24'29""",120,119.8315,0.1685
2025-09-10 14:30:00,Aspect,Sextile,Neptune,Pisces,"6°54'09""",Pluto,Capricorn,"7°24'29""",60,59.4946,0.5054
2025-09-10 14:45:00,Aspect,Opposition,Sun,Leo,"23°39'01""",Rahu,Aquarius,"23°55'11""",180,179.7304,0.2696
2025-09-10 14:45:00,Aspect,Conjunction,Sun,Leo,"23°39'01""",Ketu,Leo,"23°55'11""",0,0.2696,0.2696
2025-09-10 14:45:00,Aspect,Opposition,Moon,Pisces,"28°17'29""",Mars,Virgo,"27°47'38""",180,179.5025,0.4975
2025-09-10 14:45:00,Aspect,Sextile,Uranus,Taurus,"7°14'22""",Neptune,Pisces,"6°54'08""",60,60.3371,0.3371
2025-09-10 14:45:00,Aspect,Trine,Uranus,Taurus,"7°14'22""",Pluto,Capricorn,"7°24'28""",120,119.8316,0.1684
2025-09-10 14:45:00,Aspect,Sextile,Neptune,Pisces,"6°54'08""",Pluto,Capricorn,"7°24'28""",60,59.4945,0.5055
2025-09-10 15:00:00,Aspect,Opposition,Sun,Leo,"23°39'37""",Rahu,Aquarius,"23°55'09""",180,179.7411,0.2589
2025-09-10 15:00:00,Aspect,Conjunction,Sun,Leo,"23°39'37""",Ketu,Leo,"23°55'09""",0,0.2589,0.2589
2025-09-10 15:00:00,Aspect,Opposition,Moon,Pisces,"28°26'37""",Mars,Virgo,"27°48'03""",180,179.3572,0.6428
2025-09-10 15:00:00,Aspect,Sextile,Uranus,Taurus,"7°14'22""",Neptune,Pisces,"6°54'07""",60,60.3373,0.3373
2025-09-10 15:00:00,Aspect,Trine,Uranus,Taurus,"7°14'22""",Pluto,Capricorn,"7°24'28""",120,119.8317,0.1683
2025-09-10 15:00:00,Aspect,Sextile,Neptune,Pisces,"6°54'07""",Pluto,Capricorn,"7°24'28""",60,59.4944,0.5056
2025-09-10 15:15:00,Aspect,Opposition,Sun,Leo,"23°40'13""",Rahu,Aquarius,"23°55'07""",180,179.7518,0.2482
2025-09-10 15:15:00,Aspect,Conjunction,Sun,Leo,"23°40'13""",Ketu,Leo,"23°55'07""",0,0.2482,0.2482
2025-09-10 15:15:00,Aspect,Opposition,Moon,Pisces,"28°35'45""",Mars,Virgo,"27°48'28""",180,179.2118,0.7882
2025-09-10 15:15:00,Aspect,Sextile,Uranus,Taurus,"7°14'22""",Neptune,Pisces,"6°54'06""",60,60.3376,0.3376
2025-09-10 15:15:00,Aspect,Trine,Uranus,Taurus,"7°14'22""",Pluto,Capricorn,"7°24'27""",120,119.8318,0.1682
2025-09-10 15:15:00,Aspect,Sextile,Neptune,Pisces,"6°54'06""",Pluto,Capricorn,"7°24'27""",60,59.4942,0.5058
2025-09-10 15:30:00,Aspect,Opposition,Sun,Leo,"23°40'50""",Rahu,Aquarius,"23°55'05""",180,179.7624,0.2376
2025-09-10 15:30:00,Aspect,Conjunction,Sun,Leo,"23°40'50""",Ketu,Leo,"23°55'05""",0,0.2376,0.2376
2025-09-10 15:30:00,Aspect,Opposition,Moon,Pisces,"28°44'53""",Mars,Virgo,"27°48'52""",180,179.0665,0.9335
2025-09-10 15:30:00,Aspect,Sextile,Uranus,Taurus,"7°14'21""",Neptune,Pisces,"6°54'05""",60,60.3378,0.3378
2025-09-10 15:30:00,Aspect,Trine,Uranus,Taurus,"7°14'21""",Pluto,Capricorn,"7°24'26""",120,119.8319,0.1681
2025-09-10 15:30:00,Aspect,Sextile,Neptune,Pisces,"6°54'05""",Pluto,Capricorn,"7°24'26""",60,59.4941,0.5059
2025-09-10 15:45:00,Aspect,Opposition,Sun,Leo,"23°41'26""",Rahu,Aquarius,"23°55'03""",180,179.7731,0.2269
2025-09-10 15:45:00,Aspect,Conjunction,Sun,Leo,"23°41'26""",Ketu,Leo,"23°55'03""",0,0.2269,0.2269
2025-09-10 15:45:00,Aspect,Sextile,Uranus,Taurus,"7°14'21""",Neptune,Pisces,"6°54'04""",60,60.3381,0.3381
2025-09-10 15:45:00,Aspect,Trine,Uranus,Taurus,"7°14'21""",Pluto,Capricorn,"7°24'26""",120,119.832,0.168
2025-09-10 15:45:00,Aspect,Sextile,Neptune,Pisces,"6°54'04""",Pluto,Capricorn,"7°24'26""",60,59.494,0.506
2025-09-10 16:00:00,Aspect,Opposition,Sun,Leo,"23°42'03""",Rahu,Aquarius,"23°55'01""",180,179.7838,0.2162
2025-09-10 16:00:00,Aspect,Conjunction,Sun,Leo,"23°42'03""",Ketu,Leo,"23°55'01""",0,0.2162,0.2162
2025-09-10 16:00:00,Aspect,Sextile,Uranus,Taurus,"7°14'21""",Neptune,Pisces,"6°54'03""",60,60.3383,0.3383
2025-09-10 16:00:00,Aspect,Trine,Uranus,Taurus,"7°14'21""",Pluto,Capricorn,"7°24'25""",120,119.8322,0.1678
2025-09-10 16:00:00,Aspect,Sextile,Neptune,Pisces,"6°54'03""",Pluto,Capricorn,"7°24'25""",60,59.4939,0.5061
2025-09-10 16:15:00,Aspect,Opposition,Sun,Leo,"23°42'39""",Rahu,Aquarius,"23°54'59""",180,179.7944,0.2056
2025-09-10 16:15:00,Aspect,Conjunction,Sun,Leo,"23°42'39""",Ketu,Leo,"23°54'59""",0,0.2056,0.2056
2025-09-10 16:15:00,Aspect,Sextile,Uranus,Taurus,"7°14'21""",Neptune,Pisces,"6°54'02""",60,60.3385,0.3385
2025-09-10 16:15:00,Aspect,Trine,Uranus,Taurus,"7°14'21""",Pluto,Capricorn,"7°24'25""",120,119.8323,0.1677
2025-09-10 16:15:00,Aspect,Sextile,Neptune,Pisces,"6°54'02""",Pluto,Capricorn,"7°24'25""",60,59.4937,0.5063
2025-09-10 16:30:00,Aspect,Opposition,Sun,Leo,"23°43'16""",Rahu,Aquarius,"23°54'57""",180,179.8051,0.1949
2025-09-10 16:30:00,Aspect,Conjunction,Sun,Leo,"23°43'16""",Ketu,Leo,"23°54'57""",0,0.1949,0.1949
2025-09-10 16:30:00,Aspect,Sextile,Uranus,Taurus,"7°14'21""",Neptune,Pisces,"6°54'01""",60,60.3388,0.3388
2025-09-10 16:30:00,Aspect,Trine,Uranus,Taurus,"7°14'21""",Pluto,Capricorn,"7°24'24""",120,119.8324,0.1676
2025-09-10 16:30:00,Aspect,Sextile,Neptune,Pisces,"6°54'01""",Pluto,Capricorn,"7°24'24""",60,59.4936,0.5064
2025-09-10 16:45:00,Aspect,Opposition,Sun,Leo,"23°43'52""",Rahu,Aquarius,"23°54'55""",180,179.8158,0.1842
2025-09-10 16:45:00,Aspect,Conjunction,Sun,Leo,"23°43'52""",Ketu,Leo,"23°54'55""",0,0.1842,0.1842
2025-09-10 16:45:00,Aspect,Sextile,Uranus,Taurus,"7°14'21""",Neptune,Pisces,"6°54'00""",60,60.339,0.339
2025-09-10 16:45:00,Aspect,Trine,Uranus,Taurus,"7°14'21""",Pluto,Capricorn,"7°24'24""",120,119.8325,0.1675
2025-09-10 16:45:00,Aspect,Sextile,Neptune,Pisces,"6°54'00""",Pluto,Capricorn,"7°24'24""",60,59.4935,0.5065
2025-09-10 17:00:00,Aspect,Opposition,Sun,Leo,"23°44'28""",Rahu,Aquarius,"23°54'53""",180,179.8265,0.1735
2025-09-10 17:00:00,Aspect,Conjunction,Sun,Leo,"23°44'28""",Ketu,Leo,"23°54'53""",0,0.1735,0.1735
2025-09-10 17:00:00,Aspect,Sextile,Uranus,Taurus,"7°14'21""",Neptune,Pisces,"6°53'59""",60,60.3393,0.3393
2025-09-10 17:00:00,Aspect,Trine,Uranus,Taurus,"7°14'21""",Pluto,Capricorn,"7°24'23""",120,119.8326,0.1674
2025-09-10 17:00:00,Aspect,Sextile,Neptune,Pisces,"6°53'59""",Pluto,Capricorn,"7°24'23""",60,59.4933,0.5067
2025-09-10 17:15:00,Aspect,Opposition,Sun,Leo,"23°45'05""",Rahu,Aquarius,"23°54'51""",180,179.8371,0.1629
2025-09-10 17:15:00,Aspect,Conjunction,Sun,Leo,"23°45'05""",Ketu,Leo,"23°54'51""",0,0.1629,0.1629
2025-09-10 17:15:00,Aspect,Sextile,Uranus,Taurus,"7°14'20""",Neptune,Pisces,"6°53'58""",60,60.3395,0.3395
2025-09-10 17:15:00,Aspect,Trine,Uranus,Taurus,"7°14'20""",Pluto,Capricorn,"7°24'23""",120,119.8327,0.1673
2025-09-10 17:15:00,Aspect,Sextile,Neptune,Pisces,"6°53'58""",Pluto,Capricorn,"7°24'23""",60,59.4932,0.5068
2025-09-10 17:30:00,Aspect,Opposition,Sun,Leo,"23°45'41""",Rahu,Aquarius,"23°54'49""",180,179.8478,0.1522
2025-09-10 17:30:00,Aspect,Conjunction,Sun,Leo,"23°45'41""",Ketu,Leo,"23°54'49""",0,0.1522,0.1522
2025-09-10 17:30:00,Aspect,Sextile,Uranus,Taurus,"7°14'20""",Neptune,Pisces,"6°53'57""",60,60.3398,0.3398
2025-09-10 17:30:00,Aspect,Trine,Uranus,Taurus,"7°14'20""",Pluto,Capricorn,"7°24'22""",120,119.8329,0.1671
2025-09-10 17:30:00,Aspect,Sextile,Neptune,Pisces,"6°53'57""",Pluto,Capricorn,"7°24'22""",60,59.4931,0.5069
2025-09-10 17:45:00,Aspect,Opposition,Sun,Leo,"23°46'18""",Rahu,Aquarius,"23°54'47""",180,179.8585,0.1415
2025-09-10 17:45:00,Aspect,Conjunction,Sun,Leo,"23°46'18""",Ketu,Leo,"23°54'47""",0,0.1415,0.1415
2025-09-10 17:45:00,Aspect,Sextile,Uranus,Taurus,"7°14'20""",Neptune,Pisces,"6°53'56""",60,60.34,0.34
2025-09-10 17:45:00,Aspect,Trine,Uranus,Taurus,"7°14'20""",Pluto,Capricorn,"7°24'22""",120,119.833,0.167
2025-09-10 17:45:00,Aspect,Sextile,Neptune,Pisces,"6°53'56""",Pluto,Capricorn,"7°24'22""",60,59.493,0.507
2025-09-10 18:00:00,Aspect,Opposition,Sun,Leo,"23°46'54""",Rahu,Aquarius,"23°54'45""",180,179.8692,0.1308
2025-09-10 18:00:00,Aspect,Conjunction,Sun,Leo,"23°46'54""",Ketu,Leo,"23°54'45""",0,0.1308,0.1308
2025-09-10 18:00:00,Aspect,Sextile,Uranus,Taurus,"7°14'20""",Neptune,Pisces,"6°53'55""",60,60.3402,0.3402
2025-09-10 18:00:00,Aspect,Trine,Uranus,Taurus,"7°14'20""",Pluto,Capricorn,"7°24'21""",120,119.8331,0.1669
2025-09-10 18:00:00,Aspect,Sextile,Neptune,Pisces,"6°53'55""",Pluto,Capricorn,"7°24'21""",60,59.4928,0.5072
2025-09-10 18:15:00,Aspect,Opposition,Sun,Leo,"23°47'31""",Rahu,Aquarius,"23°54'43""",180,179.8798,0.1202
2025-09-10 18:15:00,Aspect,Conjunction,Sun,Leo,"23°47'31""",Ketu,Leo,"23°54'43""",0,0.1202,0.1202
2025-09-10 18:15:00,Aspect,Sextile,Uranus,Taurus,"7°14'20""",Neptune,Pisces,"6°53'54""",60,60.3405,0.3405
2025-09-10 18:15:00,Aspect,Trine,Uranus,Taurus,"7°14'20""",Pluto,Capricorn,"7°24'20""",120,119.8332,0.1668
2025-09-10 18:15:00,Aspect,Sextile,Neptune,Pisces,"6°53'54""",Pluto,Capricorn,"7°24'20""",60,59.4927,0.5073
2025-09-10 18:30:00,Aspect,Opposition,Sun,Leo,"23°48'07""",Rahu,Aquarius,"23°54'41""",180,179.8905,0.1095
2025-09-10 18:30:00,Aspect,Conjunction,Sun,Leo,"23°48'07""",Ketu,Leo,"23°54'41""",0,0.1095,0.1095
2025-09-10 18:30:00,Aspect,Sextile,Uranus,Taurus,"7°14'20""",Neptune,Pisces,"6°53'53""",60,60.3407,0.3407
2025-09-10 18:30:00,Aspect,Trine,Uranus,Taurus,"7°14'20""",Pluto,Capricorn,"7°24'20""",120,119.8333,0.1667
2025-09-10 18:30:00,Aspect,Sextile,Neptune,Pisces,"6°53'53""",Pluto,Capricorn,"7°24'20""",60,59.4926,0.5074
2025-09-10 18:45:00,Aspect,Opposition,Sun,Leo,"23°48'44""",Rahu,Aquarius,"23°54'39""",180,179.9012,0.0988
2025-09-10 18:45:00,Aspect,Conjunction,Sun,Leo,"23°48'44""",Ketu,Leo,"23°54'39""",0,0.0988,0.0988
2025-09-10 18:45:00,Aspect,Sextile,Uranus,Taurus,"7°14'20""",Neptune,Pisces,"6°53'52""",60,60.341,0.341
2025-09-10 18:45:00,Aspect,Trine,Uranus,Taurus,"7°14'20""",Pluto,Capricorn,"7°24'19""",120,119.8334,0.1666
2025-09-10 18:45:00,Aspect,Sextile,Neptune,Pisces,"6°53'52""",Pluto,Capricorn,"7°24'19""",60,59.4925,0.5075
2025-09-10 19:00:00,Aspect,Opposition,Sun,Leo,"23°49'20""",Rahu,Aquarius,"23°54'37""",180,179.9119,0.0881
2025-09-10 19:00:00,Aspect,Conjunction,Sun,Leo,"23°49'20""",Ketu,Leo,"23°54'37""",0,0.0881,0.0881
2025-09-10 19:00:00,Aspect,Sextile,Uranus,Taurus,"7°14'20""",Neptune,Pisces,"6°53'51""",60,60.3412,0.3412
2025-09-10 19:00:00,Aspect,Trine,Uranus,Taurus,"7°14'20""",Pluto,Capricorn,"7°24'19""",120,119.8335,0.1665
2025-09-10 19:00:00,Aspect,Sextile,Neptune,Pisces,"6°53'51""",Pluto,Capricorn,"7°24'19""",60,59.4923,0.5077
2025-09-10 19:15:00,Aspect,Opposition,Sun,Leo,"23°49'56""",Rahu,Aquarius,"23°54'35""",180,179.9225,0.0775
2025-09-10 19:15:00,Aspect,Conjunction,Sun,Leo,"23°49'56""",Ketu,Leo,"23°54'35""",0,0.0775,0.0775
2025-09-10 19:15:00,Aspect,Sextile,Uranus,Taurus,"7°14'19""",Neptune,Pisces,"6°53'50""",60,60.3414,0.3414
2025-09-10 19:15:00,Aspect,Trine,Uranus,Taurus,"7°14'19""",Pluto,Capricorn,"7°24'18""",120,119.8336,0.1664
2025-09-10 19:15:00,Aspect,Sextile,Neptune,Pisces,"6°53'50""",Pluto,Capricorn,"7°24'18""",60,59.4922,0.5078
2025-09-10 19:30:00,Aspect,Opposition,Sun,Leo,"23°50'33""",Rahu,Aquarius,"23°54'33""",180,179.9332,0.0668
2025-09-10 19:30:00,Aspect,Conjunction,Sun,Leo,"23°50'33""",Ketu,Leo,"23°54'33""",0,0.0668,0.0668
2025-09-10 19:30:00,Aspect,Sextile,Uranus,Taurus,"7°14'19""",Neptune,Pisces,"6°53'49""",60,60.3417,0.3417
2025-09-10 19:30:00,Aspect,Trine,Uranus,Taurus,"7°14'19""",Pluto,Capricorn,"7°24'18""",120,119.8338,0.1662
2025-09-10 19:30:00,Aspect,Sextile,Neptune,Pisces,"6°53'49""",Pluto,Capricorn,"7°24'18""",60,59.4921,0.5079
2025-09-10 19:45:00,Aspect,Opposition,Sun,Leo,"23°51'09""",Rahu,Aquarius,"23°54'31""",180,179.9439,0.0561
2025-09-10 19:45:00,Aspect,Conjunction,Sun,Leo,"23°51'09""",Ketu,Leo,"23°54'31""",0,0.0561,0.0561
2025-09-10 19:45:00,Aspect,Sextile,Uranus,Taurus,"7°14'19""",Neptune,Pisces,"6°53'48""",60,60.3419,0.3419
2025-09-10 19:45:00,Aspect,Trine,Uranus,Taurus,"7°14'19""",Pluto,Capricorn,"7°24'17""",120,119.8339,0.1661
2025-09-10 19:45:00,Aspect,Sextile,Neptune,Pisces,"6°53'48""",Pluto,Capricorn,"7°24'17""",60,59.4919,0.5081
2025-09-10 20:00:00,Aspect,Opposition,Sun,Leo,"23°51'46""",Rahu,Aquarius,"23°54'29""",180,179.9545,0.0455
2025-09-10 20:00:00,Aspect,Conjunction,Sun,Leo,"23°51'46""",Ketu,Leo,"23°54'29""",0,0.0455,0.0455
2025-09-10 20:00:00,Aspect,Sextile,Uranus,Taurus,"7°14'19""",Neptune,Pisces,"6°53'47""",60,60.3422,0.3422
2025-09-10 20:00:00,Aspect,Trine,Uranus,Taurus,"7°14'19""",Pluto,Capricorn,"7°24'17""",120,119.834,0.166
2025-09-10 20:00:00,Aspect,Sextile,Neptune,Pisces,"6°53'47""",Pluto,Capricorn,"7°24'17""",60,59.4918,0.5082
2025-09-10 20:15:00,Aspect,Opposition,Sun,Leo,"23°52'22""",Rahu,Aquarius,"23°54'27""",180,179.9652,0.0348
2025-09-10 20:15:00,Aspect,Conjunction,Sun,Leo,"23°52'22""",Ketu,Leo,"23°54'27""",0,0.0348,0.0348
2025-09-10 20:15:00,Aspect,Sextile,Uranus,Taurus,"7°14'19""",Neptune,Pisces,"6°53'46""",60,60.3424,0.3424
2025-09-10 20:15:00,Aspect,Trine,Uranus,Taurus,"7°14'19""",Pluto,Capricorn,"7°24'16""",120,119.8341,0.1659
2025-09-10 20:15:00,Aspect,Sextile,Neptune,Pisces,"6°53'46""",Pluto,Capricorn,"7°24'16""",60,59.4917,0.5083
2025-09-10 20:30:00,Aspect,Opposition,Sun,Leo,"23°52'59""",Rahu,Aquarius,"23°54'25""",180,179.9759,0.0241
2025-09-10 20:30:00,Aspect,Conjunction,Sun,Leo,"23°52'59""",Ketu,Leo,"23°54'25""",0,0.0241,0.0241
2025-09-10 20:30:00,Aspect,Sextile,Uranus,Taurus,"7°14'19""",Neptune,Pisces,"6°53'45""",60,60.3427,0.3427
2025-09-10 20:30:00,Aspect,Trine,Uranus,Taurus,"7°14'19""",Pluto,Capricorn,"7°24'16""",120,119.8342,0.1658
2025-09-10 20:30:00,Aspect,Sextile,Neptune,Pisces,"6°53'45""",Pluto,Capricorn,"7°24'16""",60,59.4916,0.5084
2025-09-10 20:45:00,Aspect,Opposition,Sun,Leo,"23°53'35""",Rahu,Aquarius,"23°54'23""",180,179.9866,0.0134
2025-09-10 20:45:00,Aspect,Conjunction,Sun,Leo,"23°53'35""",Ketu,Leo,"23°54'23""",0,0.0134,0.0134
2025-09-10 20:45:00,Aspect,Sextile,Uranus,Taurus,"7°14'19""",Neptune,Pisces,"6°53'44""",60,60.3429,0.3429
2025-09-10 20:45:00,Aspect,Trine,Uranus,Taurus,"7°14'19""",Pluto,Capricorn,"7°24'15""",120,119.8343,0.1657
2025-09-10 20:45:00,Aspect,Sextile,Neptune,Pisces,"6°53'44""",Pluto,Capricorn,"7°24'15""",60,59.4914,0.5086
2025-09-10 21:00:00,Aspect,Opposition,Sun,Leo,"23°54'11""",Rahu,Aquarius,"23°54'21""",180,179.9972,0.0028
2025-09-10 21:00:00,Aspect,Conjunction,Sun,Leo,"23°54'11""",Ketu,Leo,"23°54'21""",0,0.0028,0.0028
2025-09-10 21:00:00,Aspect,Sextile,Uranus,Taurus,"7°14'18""",Neptune,Pisces,"6°53'43""",60,60.3431,0.3431
2025-09-10 21:00:00,Aspect,Trine,Uranus,Taurus,"7°14'18""",Pluto,Capricorn,"7°24'14""",120,119.8344,0.1656
2025-09-10 21:00:00,Aspect,Sextile,Neptune,Pisces,"6°53'43""",Pluto,Capricorn,"7°24'14""",60,59.4913,0.5087
2025-09-10 21:15:00,Aspect,Opposition,Sun,Leo,"23°54'48""",Rahu,Aquarius,"23°54'19""",180,179.9921,0.0079
2025-09-10 21:15:00,Aspect,Conjunction,Sun,Leo,"23°54'48""",Ketu,Leo,"23°54'19""",0,0.0079,0.0079
2025-09-10 21:15:00,Aspect,Sextile,Uranus,Taurus,"7°14'18""",Neptune,Pisces,"6°53'42""",60,60.3434,0.3434
2025-09-10 21:15:00,Aspect,Trine,Uranus,Taurus,"7°14'18""",Pluto,Capricorn,"7°24'14""",120,119.8346,0.1654
2025-09-10 21:15:00,Aspect,Sextile,Neptune,Pisces,"6°53'42""",Pluto,Capricorn,"7°24'14""",60,59.4912,0.5088
2025-09-10 21:30:00,Aspect,Opposition,Sun,Leo,"23°55'24""",Rahu,Aquarius,"23°54'17""",180,179.9814,0.0186
2025-09-10 21:30:00,Aspect,Conjunction,Sun,Leo,"23°55'24""",Ketu,Leo,"23°54'17""",0,0.0186,0.0186
2025-09-10 21:30:00,Aspect,Sextile,Uranus,Taurus,"7°14'18""",Neptune,Pisces,"6°53'41""",60,60.3436,0.3436
2025-09-10 21:30:00,Aspect,Trine,Uranus,Taurus,"7°14'18""",Pluto,Capricorn,"7°24'13""",120,119.8347,0.1653
2025-09-10 21:30:00,Aspect,Sextile,Neptune,Pisces,"6°53'41""",Pluto,Capricorn,"7°24'13""",60,59.4911,0.5089
2025-09-10 21:45:00,Aspect,Opposition,Sun,Leo,"23°56'01""",Rahu,Aquarius,"23°54'15""",180,179.9707,0.0293
2025-09-10 21:45:00,Aspect,Conjunction,Sun,Leo,"23°56'01""",Ketu,Leo,"23°54'15""",0,0.0293,0.0293
2025-09-10 21:45:00,Aspect,Sextile,Uranus,Taurus,"7°14'18""",Neptune,Pisces,"6°53'40""",60,60.3439,0.3439
2025-09-10 21:45:00,Aspect,Trine,Uranus,Taurus,"7°14'18""",Pluto,Capricorn,"7°24'13""",120,119.8348,0.1652
2025-09-10 21:45:00,Aspect,Sextile,Neptune,Pisces,"6°53'40""",Pluto,Capricorn,"7°24'13""",60,59.4909,0.5091
2025-09-10 22:00:00,Aspect,Opposition,Sun,Leo,"23°56'37""",Rahu,Aquarius,"23°54'13""",180,179.9601,0.0399
2025-09-10 22:00:00,Aspect,Conjunction,Sun,Leo,"23°56'37""",Ketu,Leo,"23°54'13""",0,0.0399,0.0399
2025-09-10 22:00:00,Aspect,Sextile,Uranus,Taurus,"7°14'18""",Neptune,Pisces,"6°53'39""",60,60.3441,0.3441
2025-09-10 22:00:00,Aspect,Trine,Uranus,Taurus,"7°14'18""",Pluto,Capricorn,"7°24'12""",120,119.8349,0.1651
2025-09-10 22:00:00,Aspect,Sextile,Neptune,Pisces,"6°53'39""",Pluto,Capricorn,"7°24'12""",60,59.4908,0.5092
2025-09-10 22:15:00,Aspect,Opposition,Sun,Leo,"23°57'14""",Rahu,Aquarius,"23°54'11""",180,179.9494,0.0506
2025-09-10 22:15:00,Aspect,Conjunction,Sun,Leo,"23°57'14""",Ketu,Leo,"23°54'11""",0,0.0506,0.0506
2025-09-10 22:15:00,Aspect,Sextile,Uranus,Taurus,"7°14'18""",Neptune,Pisces,"6°53'38""",60,60.3443,0.3443
2025-09-10 22:15:00,Aspect,Trine,Uranus,Taurus,"7°14'18""",Pluto,Capricorn,"7°24'12""",120,119.835,0.165
2025-09-10 22:15:00,Aspect,Sextile,Neptune,Pisces,"6°53'38""",Pluto,Capricorn,"7°24'12""",60,59.4907,0.5093
2025-09-10 22:30:00,Aspect,Opposition,Sun,Leo,"23°57'50""",Rahu,Aquarius,"23°54'09""",180,179.9387,0.0613
2025-09-10 22:30:00,Aspect,Conjunction,Sun,Leo,"23°57'50""",Ketu,Leo,"23°54'09""",0,0.0613,0.0613
2025-09-10 22:30:00,Aspect,Sextile,Uranus,Taurus,"7°14'18""",Neptune,Pisces,"6°53'37""",60,60.3446,0.3446
2025-09-10 22:30:00,Aspect,Trine,Uranus,Taurus,"7°14'18""",Pluto,Capricorn,"7°24'11""",120,119.8351,0.1649
2025-09-10 22:30:00,Aspect,Sextile,Neptune,Pisces,"6°53'37""",Pluto,Capricorn,"7°24'11""",60,59.4905,0.5095
2025-09-10 22:45:00,Aspect,Opposition,Sun,Leo,"23°58'27""",Rahu,Aquarius,"23°54'08""",180,179.928,0.072
2025-09-10 22:45:00,Aspect,Conjunction,Sun,Leo,"23°58'27""",Ketu,Leo,"23°54'08""",0,0.072,0.072
2025-09-10 22:45:00,Aspect,Sextile,Uranus,Taurus,"7°14'17""",Neptune,Pisces,"6°53'36""",60,60.3448,0.3448
2025-09-10 22:45:00,Aspect,Trine,Uranus,Taurus,"7°14'17""",Pluto,Capricorn,"7°24'11""",120,119.8352,0.1648
2025-09-10 22:45:00,Aspect,Sextile,Neptune,Pisces,"6°53'36""",Pluto,Capricorn,"7°24'11""",60,59.4904,0.5096
2025-09-10 23:00:00,Aspect,Opposition,Sun,Leo,"23°59'03""",Rahu,Aquarius,"23°54'06""",180,179.9174,0.0826
2025-09-10 23:00:00,Aspect,Conjunction,Sun,Leo,"23°59'03""",Ketu,Leo,"23°54'06""",0,0.0826,0.0826
2025-09-10 23:00:00,Aspect,Sextile,Uranus,Taurus,"7°14'17""",Neptune,Pisces,"6°53'35""",60,60.3451,0.3451
2025-09-10 23:00:00,Aspect,Trine,Uranus,Taurus,"7°14'17""",Pluto,Capricorn,"7°24'10""",120,119.8353,0.1647
2025-09-10 23:00:00,Aspect,Sextile,Neptune,Pisces,"6°53'35""",Pluto,Capricorn,"7°24'10""",60,59.4903,0.5097
2025-09-10 23:15:00,Aspect,Opposition,Sun,Leo,"23°59'39""",Rahu,Aquarius,"23°54'04""",180,179.9067,0.0933
2025-09-10 23:15:00,Aspect,Conjunction,Sun,Leo,"23°59'39""",Ketu,Leo,"23°54'04""",0,0.0933,0.0933
2025-09-10 23:15:00,Aspect,Sextile,Uranus,Taurus,"7°14'17""",Neptune,Pisces,"6°53'34""",60,60.3453,0.3453
2025-09-10 23:15:00,Aspect,Trine,Uranus,Taurus,"7°14'17""",Pluto,Capricorn,"7°24'10""",120,119.8355,0.1645
2025-09-10 23:15:00,Aspect,Sextile,Neptune,Pisces,"6°53'34""",Pluto,Capricorn,"7°24'10""",60,59.4902,0.5098
2025-09-10 23:30:00,Aspect,Opposition,Sun,Leo,"24°00'16""",Rahu,Aquarius,"23°54'02""",180,179.896,0.104
2025-09-10 23:30:00,Aspect,Conjunction,Sun,Leo,"24°00'16""",Ketu,Leo,"23°54'02""",0,0.104,0.104
2025-09-10 23:30:00,Aspect,Sextile,Uranus,Taurus,"7°14'17""",Neptune,Pisces,"6°53'33""",60,60.3455,0.3455
2025-09-10 23:30:00,Aspect,Trine,Uranus,Taurus,"7°14'17""",Pluto,Capricorn,"7°24'09""",120,119.8356,0.1644
2025-09-10 23:30:00,Aspect,Sextile,Neptune,Pisces,"6°53'33""",Pluto,Capricorn,"7°24'09""",60,59.49,0.51
2025-09-10 23:45:00,Aspect,Opposition,Sun,Leo,"24°00'52""",Rahu,Aquarius,"23°54'00""",180,179.8853,0.1147
2025-09-10 23:45:00,Aspect,Conjunction,Sun,Leo,"24°00'52""",Ketu,Leo,"23°54'00""",0,0.1147,0.1147
2025-09-10 23:45:00,Aspect,Sextile,Uranus,Taurus,"7°14'17""",Neptune,Pisces,"6°53'32""",60,60.3458,0.3458
2025-09-10 23:45:00,Aspect,Trine,Uranus,Taurus,"7°14'17""",Pluto,Capricorn,"7°24'08""",120,119.8357,0.1643
2025-09-10 23:45:00,Aspect,Sextile,Neptune,Pisces,"6°53'32""",Pluto,Capricorn,"7°24'08""",60,59.4899,0.5101
